x1 [mol/mol],y1 [mol/mol]
0.0,0.0
0.00350,0.02050
0.00450,0.02750
0.01750,0.13150
0.05850,0.30500
0.06800,0.36150
0.09350,0.41100
0.16500,0.52000
0.21250,0.54550
0.24100,0.56750
0.36150,0.60600
0.47400,0.65050
0.49850,0.65550
0.58150,0.69700
0.64600,0.72900
0.65400,0.73100
0.72300,0.77600
0.79000,0.82000
0.83700,0.85200
0.87310,0.88170
0.88300,0.88850
0.88800,0.89300
0.89730,0.90120
0.94890,0.95020
0.97070,0.97150
0.98250,0.98350
1.0,1.0